{
  "log_reg_roc_auc": 0.8465292309282079,
  "log_reg_pr_auc": 0.6558371618608069,
  "hgb_roc_auc": 0.8290500917099384,
  "hgb_pr_auc": 0.6342364088580438
}